{"cameraMode":{"drawMode":0,"name":"Shaded","section":"Shading Mode"},"sceneLighting":true,"audioPlay":false,"sceneViewState":{"m_AlwaysRefresh":false,"showFog":true,"showSkybox":true,"showFlares":true,"showImageEffects":true,"showParticleSystems":true,"showVisualEffectGraphs":true,"m_FxEnabled":true},"in2DMode":false,"pivot":{"x":0.2012457549571991,"y":0.8904479146003723,"z":10.783366203308106},"rotation":{"x":0.005689291749149561,"y":0.01559638511389494,"z":0.0000890665760380216,"w":-0.9998603463172913},"size":14.458518981933594,"orthographic":false}